museum,sightseeing,sights,tourguide,landmark,historicplace,historic,attraction
shopping,mall,luxurybybrand,souvenir,gift,supermarket,market,clothing,fashion
activities,commercialplace,events,temple,church,capitol,building,library,castle,hiking,statue,square,street,outdoorplace,skating,activelife,publicplace,sports,stadium,field,cricket,bike
restaurant,breakfast,coffee,tea,latte,fastfood,pizza,regionalcuisine,taco,barbecue,seafood,steakhouse,food,chocolate,bakery,grills,vegetarian,icecream,sandwich,liquor
park,club,nightclub,bar,brewery,pub,garden,theater,musicvenue,artgallerie,lake,picnic,nature,gastropub,beauty&spas,patio,fairground,nightlife,cine,operahouse,aquarium,trail
professionalservices,transport,bus,busstop,metro,metrostation,busstation,health&medical,harbor,marina,parking,train,trainstation,taxi,schools,fountain,pharmacy,rental,cheap,banquethalls,kids,thai,gym,education,bridge
